raw,timestamp,source,level,message
[2026-01-22 22:02:34] [INFO] Kullanici girisi: dvice,,auth,,[2026-01-22 22:02:34] [INFO] Kullanici girisi: dvice
[2026-01-31 18:40:14] [WARNING] Basarisiz giris denemesi: dvice,,auth,,[2026-01-31 18:40:14] [WARNING] Basarisiz giris denemesi: dvice
[2026-01-31 18:40:17] [WARNING] Basarisiz giris denemesi: dvice,,auth,,[2026-01-31 18:40:17] [WARNING] Basarisiz giris denemesi: dvice
[2026-01-31 18:40:20] [WARNING] Basarisiz giris denemesi: Dvice,,auth,,[2026-01-31 18:40:20] [WARNING] Basarisiz giris denemesi: Dvice
[2026-01-31 18:40:38] [WARNING] Basarisiz giris denemesi: Dvice,,auth,,[2026-01-31 18:40:38] [WARNING] Basarisiz giris denemesi: Dvice
[2026-01-31 18:40:41] [WARNING] Basarisiz giris denemesi: Dvice,,auth,,[2026-01-31 18:40:41] [WARNING] Basarisiz giris denemesi: Dvice
[2026-01-31 18:40:45] [WARNING] Basarisiz giris denemesi: Dvice,,auth,,[2026-01-31 18:40:45] [WARNING] Basarisiz giris denemesi: Dvice
[2026-01-31 18:40:51] [WARNING] Basarisiz giris denemesi: admin,,auth,,[2026-01-31 18:40:51] [WARNING] Basarisiz giris denemesi: admin
[2026-01-31 18:41:03] [WARNING] Basarisiz giris denemesi: Dvice,,auth,,[2026-01-31 18:41:03] [WARNING] Basarisiz giris denemesi: Dvice
[2026-01-31 18:41:13] [INFO] Kullanici girisi: analist,,auth,,[2026-01-31 18:41:13] [INFO] Kullanici girisi: analist
[2026-01-31 18:41:29] [WARNING] Basarisiz giris denemesi: Dvice,,auth,,[2026-01-31 18:41:29] [WARNING] Basarisiz giris denemesi: Dvice
[2026-01-31 18:41:36] [WARNING] Basarisiz giris denemesi: dvice,,auth,,[2026-01-31 18:41:36] [WARNING] Basarisiz giris denemesi: dvice
[2026-01-31 18:41:39] [WARNING] Basarisiz giris denemesi: Dvice,,auth,,[2026-01-31 18:41:39] [WARNING] Basarisiz giris denemesi: Dvice
[2026-01-31 18:41:39] [WARNING] Basarisiz giris denemesi: Dvice,,auth,,[2026-01-31 18:41:39] [WARNING] Basarisiz giris denemesi: Dvice
[2026-01-31 18:41:39] [WARNING] Basarisiz giris denemesi: Dvice,,auth,,[2026-01-31 18:41:39] [WARNING] Basarisiz giris denemesi: Dvice
[2026-01-31 18:41:39] [WARNING] Basarisiz giris denemesi: Dvice,,auth,,[2026-01-31 18:41:39] [WARNING] Basarisiz giris denemesi: Dvice
[2026-01-31 18:41:42] [INFO] Kullanici girisi: admin,,auth,,[2026-01-31 18:41:42] [INFO] Kullanici girisi: admin
[2026-01-31 18:42:00] [INFO] Onion adresi eklendi: http://rambleeeqrhty6s5jgefdfdtc6tfgg4jj6svr4jpgk4wjtg3qshwbaad.onion/forums (Kaynak: rambleeeqrhty6s5jgefdfdtc6tfgg4jj6svr4jpgk4wjtg3qshwbaad.onion),,auth,,[2026-01-31 18:42:00] [INFO] Onion adresi eklendi: http://rambleeeqrhty6s5jgefdfdtc6tfgg4jj6svr4jpgk4wjtg3qshwbaad.onion/forums (Kaynak: rambleeeqrhty6s5jgefdfdtc6tfgg4jj6svr4jpgk4wjtg3qshwbaad.onion)
[2026-01-31 18:42:00] [INFO] Onion adresi eklendi: http://6i42qq2xdu244a3xp2c3gjvcwtp3hurbajesfnsuga2v3frf6x7ivcyd.onion/ (Kaynak: 6i42qq2xdu244a3xp2c3gjvcwtp3hurbajesfnsuga2v3frf6x7ivcyd.onion),,auth,,[2026-01-31 18:42:00] [INFO] Onion adresi eklendi: http://6i42qq2xdu244a3xp2c3gjvcwtp3hurbajesfnsuga2v3frf6x7ivcyd.onion/ (Kaynak: 6i42qq2xdu244a3xp2c3gjvcwtp3hurbajesfnsuga2v3frf6x7ivcyd.onion)
[2026-01-31 18:42:01] [INFO] Onion adresi eklendi: http://wiki6dtqpuvwtc5hopuj33eeavwa6sik7sy57cor35chkx5nrbmmolqd.onion/forums/ (Kaynak: wiki6dtqpuvwtc5hopuj33eeavwa6sik7sy57cor35chkx5nrbmmolqd.onion),,auth,,[2026-01-31 18:42:01] [INFO] Onion adresi eklendi: http://wiki6dtqpuvwtc5hopuj33eeavwa6sik7sy57cor35chkx5nrbmmolqd.onion/forums/ (Kaynak: wiki6dtqpuvwtc5hopuj33eeavwa6sik7sy57cor35chkx5nrbmmolqd.onion)
[2026-01-31 18:42:01] [INFO] Onion adresi eklendi: http://ransomocmou6mnbquqz44ewosbkjk3o5qjsl3orawojexfook2j7esad.onion/ (Kaynak: ransomocmou6mnbquqz44ewosbkjk3o5qjsl3orawojexfook2j7esad.onion),,auth,,[2026-01-31 18:42:01] [INFO] Onion adresi eklendi: http://ransomocmou6mnbquqz44ewosbkjk3o5qjsl3orawojexfook2j7esad.onion/ (Kaynak: ransomocmou6mnbquqz44ewosbkjk3o5qjsl3orawojexfook2j7esad.onion)
[2026-01-31 18:42:01] [INFO] Onion adresi eklendi: http://57g737gvcitrtbpi6uutlqgix4vga66xzexxiacnof36we4vgdosljad.onion/ (Kaynak: 57g737gvcitrtbpi6uutlqgix4vga66xzexxiacnof36we4vgdosljad.onion),,auth,,[2026-01-31 18:42:01] [INFO] Onion adresi eklendi: http://57g737gvcitrtbpi6uutlqgix4vga66xzexxiacnof36we4vgdosljad.onion/ (Kaynak: 57g737gvcitrtbpi6uutlqgix4vga66xzexxiacnof36we4vgdosljad.onion)
[2026-01-31 18:42:01] [INFO] Onion adresi eklendi: http://c4s7hpsq3tu7wgml3vzbycvwcxjnlsh6m5boyw7ixlkk24jeoywqznyd.onion/ (Kaynak: c4s7hpsq3tu7wgml3vzbycvwcxjnlsh6m5boyw7ixlkk24jeoywqznyd.onion),,auth,,[2026-01-31 18:42:01] [INFO] Onion adresi eklendi: http://c4s7hpsq3tu7wgml3vzbycvwcxjnlsh6m5boyw7ixlkk24jeoywqznyd.onion/ (Kaynak: c4s7hpsq3tu7wgml3vzbycvwcxjnlsh6m5boyw7ixlkk24jeoywqznyd.onion)
[2026-01-31 18:42:01] [INFO] Onion adresi eklendi: http://clzuhx25lnkadj5ulir7iqhanakafwhn24zzi2fvfyml7dtoi6fkxmad.onion/ (Kaynak: clzuhx25lnkadj5ulir7iqhanakafwhn24zzi2fvfyml7dtoi6fkxmad.onion),,auth,,[2026-01-31 18:42:01] [INFO] Onion adresi eklendi: http://clzuhx25lnkadj5ulir7iqhanakafwhn24zzi2fvfyml7dtoi6fkxmad.onion/ (Kaynak: clzuhx25lnkadj5ulir7iqhanakafwhn24zzi2fvfyml7dtoi6fkxmad.onion)
[2026-01-31 18:42:01] [INFO] Onion adresi eklendi: http://qu4uozvpw62pjikawmrwds7kanyz3iytnh5pnhscd3pr3krihyejpgyd.onion/ (Kaynak: qu4uozvpw62pjikawmrwds7kanyz3iytnh5pnhscd3pr3krihyejpgyd.onion),,auth,,[2026-01-31 18:42:01] [INFO] Onion adresi eklendi: http://qu4uozvpw62pjikawmrwds7kanyz3iytnh5pnhscd3pr3krihyejpgyd.onion/ (Kaynak: qu4uozvpw62pjikawmrwds7kanyz3iytnh5pnhscd3pr3krihyejpgyd.onion)
[2026-01-31 18:42:01] [INFO] Onion adresi eklendi: https://reycdxyc24gf7jrnwutzdn3smmweizedy7uojsa7ols6sflwu25ijoyd.onion/ (Kaynak: reycdxyc24gf7jrnwutzdn3smmweizedy7uojsa7ols6sflwu25ijoyd.onion),,auth,,[2026-01-31 18:42:01] [INFO] Onion adresi eklendi: https://reycdxyc24gf7jrnwutzdn3smmweizedy7uojsa7ols6sflwu25ijoyd.onion/ (Kaynak: reycdxyc24gf7jrnwutzdn3smmweizedy7uojsa7ols6sflwu25ijoyd.onion)
[2026-01-31 18:42:01] [INFO] Onion adresi eklendi: http://xjfbpuj56rdazx4iolylxplbvyft2onuerjeimlcqwaihp3s6r4xebqd.onion/ (Kaynak: xjfbpuj56rdazx4iolylxplbvyft2onuerjeimlcqwaihp3s6r4xebqd.onion),,auth,,[2026-01-31 18:42:01] [INFO] Onion adresi eklendi: http://xjfbpuj56rdazx4iolylxplbvyft2onuerjeimlcqwaihp3s6r4xebqd.onion/ (Kaynak: xjfbpuj56rdazx4iolylxplbvyft2onuerjeimlcqwaihp3s6r4xebqd.onion)
[2026-01-31 18:42:01] [INFO] Onion adresi eklendi: http://22wha6wtnwsb2tvklnwcfukjzqqwqk4dkrgrwfhwffqukeonnk3jp4ad.onion/ (Kaynak: 22wha6wtnwsb2tvklnwcfukjzqqwqk4dkrgrwfhwffqukeonnk3jp4ad.onion),,auth,,[2026-01-31 18:42:01] [INFO] Onion adresi eklendi: http://22wha6wtnwsb2tvklnwcfukjzqqwqk4dkrgrwfhwffqukeonnk3jp4ad.onion/ (Kaynak: 22wha6wtnwsb2tvklnwcfukjzqqwqk4dkrgrwfhwffqukeonnk3jp4ad.onion)
[2026-01-31 18:42:01] [INFO] Onion adresi eklendi: http://ja3u5tq4z6rbsmnme6drofwms2zxeagy6urhhbmufejlibvugn2n2pid.onion/ (Kaynak: ja3u5tq4z6rbsmnme6drofwms2zxeagy6urhhbmufejlibvugn2n2pid.onion),,auth,,[2026-01-31 18:42:01] [INFO] Onion adresi eklendi: http://ja3u5tq4z6rbsmnme6drofwms2zxeagy6urhhbmufejlibvugn2n2pid.onion/ (Kaynak: ja3u5tq4z6rbsmnme6drofwms2zxeagy6urhhbmufejlibvugn2n2pid.onion)
[2026-01-31 18:42:01] [INFO] Onion adresi eklendi: https://ezdhgsy2aw7zg54z6dqsutrduhl22moami5zv2zt6urr6vub7gs6wfad.onion/ (Kaynak: ezdhgsy2aw7zg54z6dqsutrduhl22moami5zv2zt6urr6vub7gs6wfad.onion),,auth,,[2026-01-31 18:42:01] [INFO] Onion adresi eklendi: https://ezdhgsy2aw7zg54z6dqsutrduhl22moami5zv2zt6urr6vub7gs6wfad.onion/ (Kaynak: ezdhgsy2aw7zg54z6dqsutrduhl22moami5zv2zt6urr6vub7gs6wfad.onion)
[2026-01-31 18:42:01] [INFO] Onion adresi eklendi: http://santat7kpllt6iyvqbr7q4amdv6dzrh6paatvyrzl7ry3zm72zigf4ad.onion/ (Kaynak: santat7kpllt6iyvqbr7q4amdv6dzrh6paatvyrzl7ry3zm72zigf4ad.onion),,auth,,[2026-01-31 18:42:01] [INFO] Onion adresi eklendi: http://santat7kpllt6iyvqbr7q4amdv6dzrh6paatvyrzl7ry3zm72zigf4ad.onion/ (Kaynak: santat7kpllt6iyvqbr7q4amdv6dzrh6paatvyrzl7ry3zm72zigf4ad.onion)
[2026-01-31 18:42:01] [INFO] Onion adresi eklendi: http://galaxy4ogmifzf2wwdkbedqeps7pzxa53bkluyszq6sqng4u5g5nixid.onion/blog (Kaynak: galaxy4ogmifzf2wwdkbedqeps7pzxa53bkluyszq6sqng4u5g5nixid.onion),,auth,,[2026-01-31 18:42:01] [INFO] Onion adresi eklendi: http://galaxy4ogmifzf2wwdkbedqeps7pzxa53bkluyszq6sqng4u5g5nixid.onion/blog (Kaynak: galaxy4ogmifzf2wwdkbedqeps7pzxa53bkluyszq6sqng4u5g5nixid.onion)
[2026-01-31 18:42:01] [INFO] Onion adresi eklendi: http://venom5wlknvokvvxiczl5x3otal4vbpip5h45jqogglhn3baycpznnqd.onion/ (Kaynak: venom5wlknvokvvxiczl5x3otal4vbpip5h45jqogglhn3baycpznnqd.onion),,auth,,[2026-01-31 18:42:01] [INFO] Onion adresi eklendi: http://venom5wlknvokvvxiczl5x3otal4vbpip5h45jqogglhn3baycpznnqd.onion/ (Kaynak: venom5wlknvokvvxiczl5x3otal4vbpip5h45jqogglhn3baycpznnqd.onion)
[2026-01-31 18:42:01] [INFO] Onion adresi eklendi: http://rnsm777cdsjrsdlbs4v5qoeppu3px6sb2igmh53jzrx7ipcrbjz5b2ad.onion/ (Kaynak: rnsm777cdsjrsdlbs4v5qoeppu3px6sb2igmh53jzrx7ipcrbjz5b2ad.onion),,auth,,[2026-01-31 18:42:01] [INFO] Onion adresi eklendi: http://rnsm777cdsjrsdlbs4v5qoeppu3px6sb2igmh53jzrx7ipcrbjz5b2ad.onion/ (Kaynak: rnsm777cdsjrsdlbs4v5qoeppu3px6sb2igmh53jzrx7ipcrbjz5b2ad.onion)
[2026-01-31 18:42:01] [INFO] Onion adresi eklendi: http://mnemonic45np3l6o2k5oavgwhyymagmaeh3jeqfdakz3sxliqjct6wad.onion/ (Kaynak: mnemonic45np3l6o2k5oavgwhyymagmaeh3jeqfdakz3sxliqjct6wad.onion),,auth,,[2026-01-31 18:42:01] [INFO] Onion adresi eklendi: http://mnemonic45np3l6o2k5oavgwhyymagmaeh3jeqfdakz3sxliqjct6wad.onion/ (Kaynak: mnemonic45np3l6o2k5oavgwhyymagmaeh3jeqfdakz3sxliqjct6wad.onion)
[2026-01-31 18:42:01] [INFO] Onion adresi eklendi: http://ewhgmbudmub2m4s6kazu6b3sq27zazmbyol5g7jlbnflfehpxhydnpqd.onion/ (Kaynak: ewhgmbudmub2m4s6kazu6b3sq27zazmbyol5g7jlbnflfehpxhydnpqd.onion),,auth,,[2026-01-31 18:42:01] [INFO] Onion adresi eklendi: http://ewhgmbudmub2m4s6kazu6b3sq27zazmbyol5g7jlbnflfehpxhydnpqd.onion/ (Kaynak: ewhgmbudmub2m4s6kazu6b3sq27zazmbyol5g7jlbnflfehpxhydnpqd.onion)
[2026-01-31 18:42:01] [INFO] Onion adresi eklendi: http://g7ejphhubv5idbbu3hb3wawrs5adw7tkx7yjabnf65xtzztgg4hcsqqd.onion/ (Kaynak: g7ejphhubv5idbbu3hb3wawrs5adw7tkx7yjabnf65xtzztgg4hcsqqd.onion),,auth,,[2026-01-31 18:42:01] [INFO] Onion adresi eklendi: http://g7ejphhubv5idbbu3hb3wawrs5adw7tkx7yjabnf65xtzztgg4hcsqqd.onion/ (Kaynak: g7ejphhubv5idbbu3hb3wawrs5adw7tkx7yjabnf65xtzztgg4hcsqqd.onion)
[2026-01-31 18:42:01] [INFO] Onion adresi eklendi: http://bizzle7qdloigdiiqionusf7dfw6tmrqhtjwkjviwtjmwovphqftvaid.onion/index.php (Kaynak: bizzle7qdloigdiiqionusf7dfw6tmrqhtjwkjviwtjmwovphqftvaid.onion),,auth,,[2026-01-31 18:42:01] [INFO] Onion adresi eklendi: http://bizzle7qdloigdiiqionusf7dfw6tmrqhtjwkjviwtjmwovphqftvaid.onion/index.php (Kaynak: bizzle7qdloigdiiqionusf7dfw6tmrqhtjwkjviwtjmwovphqftvaid.onion)
[2026-01-31 18:42:01] [INFO] Onion adresi eklendi: http://suprbaydvdcaynfo4dgdzgxb4zuso7rftlil5yg5kqjefnw4wq4ulcad.onion/ (Kaynak: suprbaydvdcaynfo4dgdzgxb4zuso7rftlil5yg5kqjefnw4wq4ulcad.onion),,auth,,[2026-01-31 18:42:01] [INFO] Onion adresi eklendi: http://suprbaydvdcaynfo4dgdzgxb4zuso7rftlil5yg5kqjefnw4wq4ulcad.onion/ (Kaynak: suprbaydvdcaynfo4dgdzgxb4zuso7rftlil5yg5kqjefnw4wq4ulcad.onion)
[2026-01-31 18:42:01] [INFO] Onion adresi eklendi: http://vw5ziwwboa3ejqoso64nr3yz7gavycl3ur5zzbm6lxdovx5yxdbfotad.onion/ (Kaynak: vw5ziwwboa3ejqoso64nr3yz7gavycl3ur5zzbm6lxdovx5yxdbfotad.onion),,auth,,[2026-01-31 18:42:01] [INFO] Onion adresi eklendi: http://vw5ziwwboa3ejqoso64nr3yz7gavycl3ur5zzbm6lxdovx5yxdbfotad.onion/ (Kaynak: vw5ziwwboa3ejqoso64nr3yz7gavycl3ur5zzbm6lxdovx5yxdbfotad.onion)
